<?xml version="1.0" encoding="UTF-8" ?>
<!DOCTYPE mapper
PUBLIC "-//mybatis.org//DTD Mapper 3.0//EN"
"http://mybatis.org/dtd/mybatis-3-mapper.dtd">
<mapper namespace="com.ruoyi.system.mapper.yt.YtFeebackMapper">
    
    <resultMap type="com.ruoyi.system.domain.yt.YtFeeback" id="YtFeebackResult">
        <result property="id"    column="id"    />
        <result property="type"    column="type"    />
        <result property="name"    column="name"    />
        <result property="userId"    column="user_id"    />
        <result property="phone"    column="phone"    />
        <result property="title"    column="title"    />
        <result property="message"    column="message"    />
        <result property="qq"    column="qq"    />
        <result property="email"    column="email"    />
        <result property="plug_sug_open"    column="plug_sug_open"    />
        <result property="ip"    column="ip"    />
        <result property="create_time"    column="create_time"  jdbcType="INTEGER" typeHandler="com.ruoyi.system.handle.LocalDateTimeTypeHandler"  />
        <result property="update_time"    column="update_time"  jdbcType="INTEGER" typeHandler="com.ruoyi.system.handle.LocalDateTimeTypeHandler"  />

        <association property="user" javaType="com.ruoyi.system.domain.yt.YtUser">
            <result property="id"    column="id"    />
            <result property="username"    column="username"    />
            <result property="phone"    column="phone"    />
            <result property="avatar"    column="avatar"    />
        </association>

    </resultMap>

<!--    <sql id="selectYtFeebackVo">-->
<!--        select id, type,name , user_id, phone, title, message, qq, email, plug_sug_open, ip, create_time, update_time from yt_feeback-->
<!--    </sql>-->

    <select id="selectYtFeebackList" parameterType="com.ruoyi.system.domain.yt.YtFeeback" resultMap="YtFeebackResult">
        select yt_feeback.id, type, name, user_id, yt_feeback.phone, title, message, qq, email, plug_sug_open, ip, yt_feeback.create_time, yt_feeback.update_time,
               yt_user.id,yt_user.username,yt_user.phone,yt_user.avatar
        from yt_feeback
        INNER JOIN yt_user ON yt_feeback.user_id = yt_user.id
        where yt_feeback.type = 1


    </select>

</mapper>