<?xml version="1.0" encoding="UTF-8" ?>
<!DOCTYPE mapper
PUBLIC "-//mybatis.org//DTD Mapper 3.0//EN"
"http://mybatis.org/dtd/mybatis-3-mapper.dtd">
<mapper namespace="com.ruoyi.system.mapper.yt.YtPackageMapper">
    
    <resultMap type="com.ruoyi.system.domain.yt.YtPackage" id="YtPackageResult">
        <result property="id"    column="id"    />
        <result property="type"    column="type"    />
        <result property="title"    column="title"    />
        <result property="origin_price"    column="origin_price"    />
        <result property="pay_price"    column="pay_price"    />
        <result property="valid_day"    column="valid_day"    />
        <result property="status"    column="status"    />
        <result property="create_time"    column="create_time"   jdbcType="INTEGER" javaType="java.time.LocalDateTime" typeHandler="com.ruoyi.system.handle.LocalDateTimeTypeHandler" />
        <result property="update_time"    column="update_time"   jdbcType="INTEGER" javaType="java.time.LocalDateTime" typeHandler="com.ruoyi.system.handle.LocalDateTimeTypeHandler" />
    </resultMap>

    <sql id="selectYtPackageVo">
        select id, type, title, origin_price, pay_price, valid_day, status, create_time, update_time from yt_package
    </sql>


    <select id="selectYtPackageById" parameterType="Integer" resultMap="YtPackageResult">
        <include refid="selectYtPackageVo"/>
        where id = #{id}
    </select>

    <select id="selectYtPackageList" parameterType="com.ruoyi.system.domain.yt.YtPackage" resultMap="YtPackageResult">
        <include refid="selectYtPackageVo"/>
        <where>
            status = 1
        </where>
    </select>





<!--    <insert id="insertYtPackage" parameterType="com.ruoyi.system.domain.yt.YtPackage" useGeneratedKeys="true" keyProperty="id">-->

    <insert id="insertYtPackage" parameterType="com.ruoyi.system.domain.yt.YtPackage">
        <selectKey keyProperty="id" order="AFTER" resultType="Integer">
            select LAST_INSERT_ID()
        </selectKey>

        INSERT INTO yt_package
        SET
            type = #{type},
            title = #{title},
            origin_price = #{origin_price},
            pay_price = #{pay_price},
            valid_day = #{valid_day},
            status = #{status},
            create_time = #{create_time, typeHandler=com.ruoyi.system.handle.LocalDateTimeTypeHandler },
            update_time = #{update_time, typeHandler=com.ruoyi.system.handle.LocalDateTimeTypeHandler }
    </insert>



    <update id="updateYtPackage" parameterType="com.ruoyi.system.domain.yt.YtPackage">
        UPDATE yt_package
        SET
        <if test="type != null">
            type = #{type},
        </if>
        <if test="title != null">
            title = #{title},
        </if>
        <if test="origin_price != null">
            origin_price = #{origin_price},
        </if>
        <if test="pay_price != null">
            pay_price = #{pay_price},
        </if>
        <if test="valid_day != null">
            valid_day = #{valid_day},
        </if>
        <if test="status != null">
            status = #{status},
        </if>
        <if test="create_time != null">
            create_time = #{create_time, typeHandler=com.ruoyi.system.handle.LocalDateTimeTypeHandler},
        </if>
        <if test="update_time != null">
            update_time = #{update_time, typeHandler=com.ruoyi.system.handle.LocalDateTimeTypeHandler}
        </if>

            where   id = #{id}

    </update>

    <delete id="deleteYtPackageById" parameterType="Integer">
        delete from yt_package where id = #{id}
    </delete>


</mapper>