<?xml version="1.0" encoding="UTF-8" ?>
<!DOCTYPE mapper
PUBLIC "-//mybatis.org//DTD Mapper 3.0//EN"
"http://mybatis.org/dtd/mybatis-3-mapper.dtd">
<mapper namespace="com.ruoyi.system.mapper.SysUserRoleMapper">

	<resultMap type="SysUserRole" id="SysUserRoleResult">
		<result property="userId"     column="uid"      />
		<result property="roleId"     column="group_id"      />
	</resultMap>

	<delete id="deleteUserRoleByUserId" parameterType="Long">
		delete from yt_auth_group_access where uid=#{userId}
	</delete>
	
	<select id="countUserRoleByRoleId" resultType="Integer">
	    select count(1) from yt_auth_group_access where group_id=#{roleId}
	</select>
	
	<delete id="deleteUserRole" parameterType="Long">
 		delete from yt_auth_group_access where uid in
 		<foreach collection="array" item="userId" open="(" separator="," close=")">
 			#{userId}
        </foreach> 
 	</delete>
	
	<insert id="batchUserRole">
		insert into yt_auth_group_access(uid, group_id) values
		<foreach item="item" index="index" collection="list" separator=",">
			(#{item.userId},#{item.roleId})
		</foreach>
	</insert>
	
	<delete id="deleteUserRoleInfo" parameterType="SysUserRole">
		delete from yt_auth_group_access where uid=#{userId} and group_id=#{roleId}
	</delete>
	
	<delete id="deleteUserRoleInfos">
	    delete from yt_auth_group_access where group_id=#{roleId} and uid in
 	    <foreach collection="userIds" item="userId" open="(" separator="," close=")">
 	        #{userId}
            </foreach> 
	</delete>
</mapper> 