<?xml version="1.0" encoding="UTF-8"?>
<!DOCTYPE mapper
        PUBLIC "-//mybatis.org//DTD Mapper 3.0//EN"
        "http://mybatis.org/dtd/mybatis-3-mapper.dtd">
<mapper namespace="com.ruoyi.system.mapper.mqtt.IOTSensorMapper">

    <resultMap id="BaseResultMap" type="com.ruoyi.system.domain.mqtt.IOTSensor">
        <result property="deviceId" column="device_id" jdbcType="INTEGER"/>
        <result property="sensorTag" column="sensor_tag" jdbcType="VARCHAR"/>
        <result property="sensorName" column="sensor_name" jdbcType="VARCHAR"/>
        <result property="sensorVal" column="sensor_val" jdbcType="FLOAT"/>
        <result property="recordTime" column="record_time" jdbcType="TIMESTAMP"/>
    </resultMap>

    <sql id="Base_Column_List">
        device_id,sensor_tag,sensor_name,
        sensor_val,record_time
    </sql>


    <select id="getDistinctSensorByDeviceID" resultType="com.ruoyi.system.domain.mqtt.IOTSensor">
        SELECT
        device_id,
        sensor_tag,
        sensor_name,
        sensor_val,
        max( record_time )
        FROM
        tb_sensor
        <where>
            <if test="deviceId!=null">
                device_id = #{deviceId}
            </if>
        </where>
        GROUP BY
        tb_sensor.sensor_tag;


    </select>
</mapper>
