/*
 Navicat Premium Data Transfer

 Source Server         : 127.0.0.1
 Source Server Type    : MySQL
 Source Server Version : 50734
 Source Host           : localhost:3306
 Source Schema         : springboot-vue

 Target Server Type    : MySQL
 Target Server Version : 50734
 File Encoding         : 65001

 Date: 02/08/2023 11:10:53
*/

SET NAMES utf8mb4;
SET FOREIGN_KEY_CHECKS = 0;

-- ----------------------------
-- Table structure for book
-- ----------------------------
DROP TABLE IF EXISTS `book`;
CREATE TABLE `book`  (
  `id` int(11) NOT NULL AUTO_INCREMENT COMMENT 'id',
  `name` varchar(255) CHARACTER SET utf8mb4 COLLATE utf8mb4_unicode_ci NULL DEFAULT NULL COMMENT '名称',
  `price` decimal(10, 2) NULL DEFAULT NULL COMMENT '单价',
  `author` varchar(255) CHARACTER SET utf8mb4 COLLATE utf8mb4_unicode_ci NULL DEFAULT NULL COMMENT '作者',
  `create_time` timestamp(0) NULL DEFAULT CURRENT_TIMESTAMP COMMENT '出版时间',
  PRIMARY KEY (`id`) USING BTREE
) ENGINE = InnoDB AUTO_INCREMENT = 17 CHARACTER SET = utf8mb4 COLLATE = utf8mb4_unicode_ci ROW_FORMAT = Dynamic;

-- ----------------------------
-- Records of book
-- ----------------------------
INSERT INTO `book` VALUES (1, 'book01', 56.80, 'chen', '2023-06-04 19:04:14');
INSERT INTO `book` VALUES (2, 'book02', 56.80, 'chen', '2023-06-04 19:04:50');
INSERT INTO `book` VALUES (3, 'book03', 56.80, 'chen', '2023-06-04 19:05:36');
INSERT INTO `book` VALUES (4, 'schen04', 56.80, 'chen', '2023-06-04 19:05:44');
INSERT INTO `book` VALUES (5, '八次危机', 12.45, '温铁军', '2023-06-04 19:06:00');
INSERT INTO `book` VALUES (6, '告别百年激进', 98.66, '温铁军', '2023-06-04 19:06:12');
INSERT INTO `book` VALUES (7, '去依附', 65.50, '温铁军', '2023-06-04 19:06:18');
INSERT INTO `book` VALUES (8, 'book08', 56.80, 'chen', '2023-06-04 19:06:24');
INSERT INTO `book` VALUES (9, 'book09', 56.80, 'chen', '2023-06-04 19:06:30');
INSERT INTO `book` VALUES (13, '平凡的世界', 88.00, '贾平凹', '2023-06-06 17:38:56');
INSERT INTO `book` VALUES (14, '软件工程导论', 65.00, '张海藩', '2023-06-06 17:53:41');
INSERT INTO `book` VALUES (16, '高性能MySQL', 100.00, '宁海元', '2023-06-06 22:07:43');

-- ----------------------------
-- Table structure for books
-- ----------------------------
DROP TABLE IF EXISTS `books`;
CREATE TABLE `books`  (
  `id` int(11) NOT NULL AUTO_INCREMENT COMMENT 'id',
  `name` varchar(255) CHARACTER SET utf8mb4 COLLATE utf8mb4_unicode_ci NULL DEFAULT NULL COMMENT '名称',
  `price` decimal(10, 2) NULL DEFAULT NULL COMMENT '单价',
  `author` varchar(255) CHARACTER SET utf8mb4 COLLATE utf8mb4_unicode_ci NULL DEFAULT NULL COMMENT '作者',
  `create_time` timestamp(0) NULL DEFAULT CURRENT_TIMESTAMP COMMENT '出版时间',
  PRIMARY KEY (`id`) USING BTREE
) ENGINE = InnoDB AUTO_INCREMENT = 13 CHARACTER SET = utf8mb4 COLLATE = utf8mb4_unicode_ci ROW_FORMAT = Dynamic;

-- ----------------------------
-- Records of books
-- ----------------------------
INSERT INTO `books` VALUES (1, 'book01', 56.80, 'chen', '2023-06-04 19:04:14');
INSERT INTO `books` VALUES (2, 'book02', 56.80, 'chen', '2023-06-04 19:04:50');
INSERT INTO `books` VALUES (3, 'book03', 56.80, 'chen', '2023-06-04 19:05:36');
INSERT INTO `books` VALUES (4, 'schen04', 56.80, 'chen', '2023-06-04 19:05:44');
INSERT INTO `books` VALUES (5, '八次危机', 12.45, '温铁军', '2023-06-04 19:06:00');
INSERT INTO `books` VALUES (6, '告别百年激进', 98.66, '温铁军', '2023-06-04 19:06:12');
INSERT INTO `books` VALUES (7, '去依附', 65.50, '温铁军', '2023-06-04 19:06:18');
INSERT INTO `books` VALUES (8, 'book08', 56.80, 'chen', '2023-06-04 19:06:24');
INSERT INTO `books` VALUES (9, 'book09', 88.88, 'chen', '2023-06-04 19:06:30');
INSERT INTO `books` VALUES (10, '平凡的世界', 88.00, '贾平凹', '2023-06-06 17:38:56');
INSERT INTO `books` VALUES (11, '软件工程导论', 65.00, '张海藩', '2023-06-06 17:53:41');
INSERT INTO `books` VALUES (12, '高性能MySQL', 100.00, '宁海元', '2023-06-06 22:07:43');

-- ----------------------------
-- Table structure for rls_presentity_sub
-- ----------------------------
DROP TABLE IF EXISTS `rls_presentity_sub`;
CREATE TABLE `rls_presentity_sub`  (
  `id` int(10) UNSIGNED NOT NULL AUTO_INCREMENT,
  `rlsubs_did` varchar(255) CHARACTER SET latin1 COLLATE latin1_swedish_ci NOT NULL,
  `resource_uri` varchar(128) CHARACTER SET latin1 COLLATE latin1_swedish_ci NOT NULL,
  `content_type` varchar(255) CHARACTER SET latin1 COLLATE latin1_swedish_ci NOT NULL,
  `presence_state` blob NULL,
  `expires` int(11) NOT NULL,
  `updated` int(11) NOT NULL,
  `auth_state` int(11) NOT NULL,
  `reason` varchar(64) CHARACTER SET latin1 COLLATE latin1_swedish_ci NOT NULL,
  `device_name` varchar(255) CHARACTER SET latin1 COLLATE latin1_swedish_ci NULL DEFAULT NULL,
  `registrar_id` varchar(255) CHARACTER SET latin1 COLLATE latin1_swedish_ci NULL DEFAULT NULL,
  PRIMARY KEY (`id`) USING BTREE,
  UNIQUE INDEX `rls_presentity_idx`(`rlsubs_did`, `resource_uri`) USING BTREE
) ENGINE = InnoDB AUTO_INCREMENT = 19 CHARACTER SET = latin1 COLLATE = latin1_swedish_ci ROW_FORMAT = Compact;

-- ----------------------------
-- Records of rls_presentity_sub
-- ----------------------------
INSERT INTO `rls_presentity_sub` VALUES (16, '34020000001320000098', '34020000001320000098', '34020000001320000098,', 0x3C3F786D6C2076657273696F6E3D22312E30223F3E0D0A3C4E6F746966793E0D0A3C436D64547970653E436174616C6F673C2F436D64547970653E0D0A3C534E3E313C2F534E3E0D0A3C44657669636549443E33343032303030303030313138303030303030383C2F44657669636549443E0D0A3C53756D4E756D3E313C2F53756D4E756D3E0D0A3C4465766963654C697374204E756D3D2231223E0D0A3C4974656D3E0D0A3C44657669636549443E33343032303030303030313332303030303039383C2F44657669636549443E0D0A3C4576656E743E4144443C2F4576656E743E0D0A3C4E616D653E53564143313C2F4E616D653E0D0A3C4D616E7566616374757265723E535641433C2F4D616E7566616374757265723E0D0A3C4D6F64656C3E535641433C2F4D6F64656C3E0D0A3C4F776E65723E535641433C2F4F776E65723E0D0A3C436976696C436F64653E33343C2F436976696C436F64653E0D0A3C426C6F636B3E3C2F426C6F636B3E0D0A3C416464726573733E3139322E3136382E382E3139393C2F416464726573733E0D0A3C506172656E74616C3E303C2F506172656E74616C3E0D0A3C506172656E7449443E33343032303030303030313138303030303030383C2F506172656E7449443E0D0A3C52656769737465725761793E313C2F52656769737465725761793E0D0A3C536563726563793E303C2F536563726563793E0D0A3C5374617475733E4F4E3C2F5374617475733E0D0A3C50545A547970653E313C2F50545A547970653E0D0A3C496E666F3E3C2F496E666F3E0D0A3C2F4974656D3E0D0A3C2F4465766963654C6973743E0D0A3C2F4E6F746966793E0D0A0D0A, 1660030768, 1, 0, '34020000001180000008', '', NULL);
INSERT INTO `rls_presentity_sub` VALUES (17, '34020000001321000099', '34020000001321000099', '34020000001321000099,', 0x3C3F786D6C2076657273696F6E3D22312E30223F3E0D0A3C4E6F746966793E0D0A3C436D64547970653E436174616C6F673C2F436D64547970653E0D0A3C534E3E313C2F534E3E0D0A3C44657669636549443E33343032303030303030313138303030303030383C2F44657669636549443E0D0A3C53756D4E756D3E313C2F53756D4E756D3E0D0A3C4465766963654C697374204E756D3D2231223E0D0A3C4974656D3E0D0A3C44657669636549443E33343032303030303030313332313030303039393C2F44657669636549443E0D0A3C4576656E743E4144443C2F4576656E743E0D0A3C4E616D653E6D656968756130313C2F4E616D653E0D0A3C4D616E7566616374757265723E6D65696875613738382E747064646E732E636E3A353433323C2F4D616E7566616374757265723E0D0A3C4D6F64656C3E6D65696875613738382E747064646E732E636E3A353433323C2F4D6F64656C3E0D0A3C4F776E65723E6D65696875613738382E747064646E732E636E3A353433323C2F4F776E65723E0D0A3C436976696C436F64653E33343C2F436976696C436F64653E0D0A3C426C6F636B3E3C2F426C6F636B3E0D0A3C416464726573733E3139322E3136382E382E3232383C2F416464726573733E0D0A3C506172656E74616C3E303C2F506172656E74616C3E0D0A3C506172656E7449443E33343032303030303030313138303030303030383C2F506172656E7449443E0D0A3C52656769737465725761793E313C2F52656769737465725761793E0D0A3C536563726563793E303C2F536563726563793E0D0A3C5374617475733E4F4E3C2F5374617475733E0D0A3C50545A547970653E313C2F50545A547970653E0D0A3C496E666F3E3C2F496E666F3E0D0A3C2F4974656D3E0D0A3C2F4465766963654C6973743E0D0A3C2F4E6F746966793E0D0A0D0A, 1660030768, 1, 0, '34020000001180000008', '', NULL);
INSERT INTO `rls_presentity_sub` VALUES (18, '34020000001320000009', '34020000001320000009', '34020000001320000009,', 0x3C3F786D6C2076657273696F6E3D22312E30223F3E0D0A3C4E6F746966793E0D0A3C436D64547970653E436174616C6F673C2F436D64547970653E0D0A3C534E3E313C2F534E3E0D0A3C44657669636549443E33343032303030303030313138303030303030383C2F44657669636549443E0D0A3C53756D4E756D3E313C2F53756D4E756D3E0D0A3C4465766963654C697374204E756D3D2231223E0D0A3C4974656D3E0D0A3C44657669636549443E33343032303030303030313332303030303030393C2F44657669636549443E0D0A3C4576656E743E4144443C2F4576656E743E0D0A3C4E616D653E53564143313C2F4E616D653E0D0A3C4D616E7566616374757265723E535641433C2F4D616E7566616374757265723E0D0A3C4D6F64656C3E535641433C2F4D6F64656C3E0D0A3C4F776E65723E535641433C2F4F776E65723E0D0A3C436976696C436F64653E33343C2F436976696C436F64653E0D0A3C426C6F636B3E3C2F426C6F636B3E0D0A3C416464726573733E3139322E3136382E382E3139393C2F416464726573733E0D0A3C506172656E74616C3E303C2F506172656E74616C3E0D0A3C506172656E7449443E33343032303030303030313138303030303030383C2F506172656E7449443E0D0A3C52656769737465725761793E313C2F52656769737465725761793E0D0A3C536563726563793E303C2F536563726563793E0D0A3C5374617475733E4F46463C2F5374617475733E0D0A3C50545A547970653E313C2F50545A547970653E0D0A3C496E666F3E3C2F496E666F3E0D0A3C2F4974656D3E0D0A3C2F4465766963654C6973743E0D0A3C2F4E6F746966793E0D0A0D0A, 1659349639, 1, 0, '34020000001180000008', '', NULL);

-- ----------------------------
-- Table structure for rls_presentity_up
-- ----------------------------
DROP TABLE IF EXISTS `rls_presentity_up`;
CREATE TABLE `rls_presentity_up`  (
  `id` int(10) UNSIGNED NOT NULL AUTO_INCREMENT,
  `rlsubs_did` varchar(255) CHARACTER SET latin1 COLLATE latin1_swedish_ci NOT NULL,
  `resource_uri` varchar(128) CHARACTER SET latin1 COLLATE latin1_swedish_ci NOT NULL,
  `content_type` varchar(255) CHARACTER SET latin1 COLLATE latin1_swedish_ci NOT NULL,
  `presence_state` blob NULL,
  `expires` int(11) NOT NULL,
  `updated` int(11) NOT NULL,
  `auth_state` int(11) NOT NULL,
  `reason` varchar(64) CHARACTER SET latin1 COLLATE latin1_swedish_ci NOT NULL,
  `device_name` varchar(255) CHARACTER SET latin1 COLLATE latin1_swedish_ci NULL DEFAULT NULL,
  `registrar_id` varchar(255) CHARACTER SET latin1 COLLATE latin1_swedish_ci NULL DEFAULT NULL,
  PRIMARY KEY (`id`) USING BTREE,
  UNIQUE INDEX `rls_presentity_up_idx`(`rlsubs_did`, `resource_uri`) USING BTREE
) ENGINE = InnoDB AUTO_INCREMENT = 4 CHARACTER SET = latin1 COLLATE = latin1_swedish_ci ROW_FORMAT = Compact;

-- ----------------------------
-- Records of rls_presentity_up
-- ----------------------------
INSERT INTO `rls_presentity_up` VALUES (1, '1', '1', '1', '', 1, 1, 1, '1', 'asdas', 'sdsd');
INSERT INTO `rls_presentity_up` VALUES (2, 'char', 'char', 'char', '', 123, 123, 123, 'abc', 'abc', 'abc');
INSERT INTO `rls_presentity_up` VALUES (3, 'sss', 'http://localhost', 'localhost', NULL, 456, 456, 567, 'error', 'device03', 'eabdc');

-- ----------------------------
-- Table structure for sys_log_info
-- ----------------------------
DROP TABLE IF EXISTS `sys_log_info`;
CREATE TABLE `sys_log_info`  (
  `id` int(10) UNSIGNED NOT NULL AUTO_INCREMENT,
  `time` datetime(0) NOT NULL COMMENT '日期',
  `log_info` varchar(255) CHARACTER SET utf8 COLLATE utf8_general_ci NULL DEFAULT NULL COMMENT '日志信息',
  PRIMARY KEY (`id`) USING BTREE
) ENGINE = InnoDB AUTO_INCREMENT = 28 CHARACTER SET = latin1 COLLATE = latin1_swedish_ci ROW_FORMAT = Compact;

-- ----------------------------
-- Records of sys_log_info
-- ----------------------------
INSERT INTO `sys_log_info` VALUES (22, '2022-09-05 20:46:45', '这是第一条日志信息3333');
INSERT INTO `sys_log_info` VALUES (23, '2022-09-05 02:00:00', 'dfsdf');
INSERT INTO `sys_log_info` VALUES (24, '2022-09-06 10:00:00', '又增加了一条记录');
INSERT INTO `sys_log_info` VALUES (25, '2022-09-04 00:00:00', '再次增加一条日志信息');
INSERT INTO `sys_log_info` VALUES (26, '2022-08-02 00:00:00', '8月份的日志信息');
INSERT INTO `sys_log_info` VALUES (27, '2022-09-01 00:00:00', 'rrr');

-- ----------------------------
-- Table structure for sys_user
-- ----------------------------
DROP TABLE IF EXISTS `sys_user`;
CREATE TABLE `sys_user`  (
  `id` int(11) NOT NULL AUTO_INCREMENT COMMENT 'id',
  `username` varchar(50) CHARACTER SET utf8mb4 COLLATE utf8mb4_unicode_ci NULL DEFAULT NULL COMMENT '用户名',
  `password` varchar(50) CHARACTER SET utf8mb4 COLLATE utf8mb4_unicode_ci NULL DEFAULT NULL COMMENT '密码',
  `nickname` varchar(50) CHARACTER SET utf8mb4 COLLATE utf8mb4_unicode_ci NULL DEFAULT NULL COMMENT '昵称',
  `email` varchar(50) CHARACTER SET utf8mb4 COLLATE utf8mb4_unicode_ci NULL DEFAULT NULL COMMENT '邮箱',
  `phone` varchar(20) CHARACTER SET utf8mb4 COLLATE utf8mb4_unicode_ci NULL DEFAULT NULL COMMENT '电话',
  `address` varchar(255) CHARACTER SET utf8mb4 COLLATE utf8mb4_unicode_ci NULL DEFAULT NULL COMMENT '地址',
  `create_time` timestamp(0) NULL DEFAULT CURRENT_TIMESTAMP COMMENT '创建时间',
  PRIMARY KEY (`id`) USING BTREE
) ENGINE = InnoDB AUTO_INCREMENT = 19 CHARACTER SET = utf8mb4 COLLATE = utf8mb4_unicode_ci ROW_FORMAT = Dynamic;

-- ----------------------------
-- Records of sys_user
-- ----------------------------
INSERT INTO `sys_user` VALUES (1, 'admin', 'admin', '管理员', '123@123.com', '56331024', '广延路49号', '2023-05-30 20:45:50');
INSERT INTO `sys_user` VALUES (2, 'schen', 'chen1234', '管理员', '123@456.com', '66135678', '南陈路333号', '2023-05-30 20:47:43');
INSERT INTO `sys_user` VALUES (3, 'schen00', 'chen1234', '管理员', '456@456.com', '66135678', '南陈路333号', '2023-05-30 21:46:51');
INSERT INTO `sys_user` VALUES (4, 'schen01', 'chen1234', '管理员', '456@456.com', '66135678', '南陈路333号', '2023-05-30 21:59:11');
INSERT INTO `sys_user` VALUES (5, 'schen02', 'chen1234', '管理员', '456@456.com', '66135678', '延长路149号', '2023-05-30 21:59:01');
INSERT INTO `sys_user` VALUES (6, 'schen03', 'chen1234', '管理员', '123@456.com', '66135678', '南陈路888号', '2023-05-30 22:12:55');
INSERT INTO `sys_user` VALUES (7, 'schen04', 'chen1234', '管理员', '123@456.com', '66135678', '南陈路888号', '2023-05-31 18:08:25');
INSERT INTO `sys_user` VALUES (8, 'schen05', 'chen1234', '管理员', '123@456.com', '66135678', '南陈路888号', '2023-05-31 18:08:38');
INSERT INTO `sys_user` VALUES (9, 'schen06', 'chen1234', '管理员', '123@456.com', '66135678', '南陈路888号', '2023-05-31 18:08:43');
INSERT INTO `sys_user` VALUES (10, 'schen07', 'chen1234', '管理员', '123@789.com', '66135678', '南陈路888号', '2023-05-31 18:08:50');
INSERT INTO `sys_user` VALUES (11, 'schen08', 'chen1234', '管理员', '123@789.com', '66135678', '南陈路888号', '2023-05-31 18:09:00');
INSERT INTO `sys_user` VALUES (12, 'schen09', 'chen1234', '管理员', '123@456.com', '66135678', '南陈路888号', '2023-05-31 18:09:06');
INSERT INTO `sys_user` VALUES (13, 'schen10', 'chen1234', '管理员', '123@456.com', '66135678', '南陈路888号', '2023-05-31 18:09:13');
INSERT INTO `sys_user` VALUES (14, 'schen11', NULL, '管理员', '123@456.com', '66135678', '南陈路888号', '2023-06-04 16:35:10');
INSERT INTO `sys_user` VALUES (15, 'schen12', 'chen1234', '管理员', '123@456.com', '66135678', '延长路149号', '2023-06-04 16:38:32');
INSERT INTO `sys_user` VALUES (16, 'schen13', 'chen1234', '管理员', '123@456.com', '66135678', '南陈路888号', '2023-06-04 17:00:40');
INSERT INTO `sys_user` VALUES (18, 'schen14', 'chen1234', '管理员', '123@456.com', '66135678', '南陈路888号', '2023-06-04 19:13:58');

-- ----------------------------
-- Table structure for tb_device
-- ----------------------------
DROP TABLE IF EXISTS `tb_device`;
CREATE TABLE `tb_device`  (
  `device_id` int(32) NOT NULL COMMENT '设备ID 惟一',
  `device_name` varchar(255) CHARACTER SET utf8 COLLATE utf8_general_ci NULL DEFAULT NULL,
  PRIMARY KEY (`device_id`) USING BTREE,
  UNIQUE INDEX `deviceId`(`device_id`) USING BTREE
) ENGINE = InnoDB CHARACTER SET = utf8 COLLATE = utf8_general_ci ROW_FORMAT = Dynamic;

-- ----------------------------
-- Records of tb_device
-- ----------------------------
INSERT INTO `tb_device` VALUES (10000001, 'Test1');
INSERT INTO `tb_device` VALUES (10000002, 'Test2');
INSERT INTO `tb_device` VALUES (10000003, 'Test3');
INSERT INTO `tb_device` VALUES (10000004, 'Test4');
INSERT INTO `tb_device` VALUES (10000005, 'Test5');

-- ----------------------------
-- Table structure for tb_sensor
-- ----------------------------
DROP TABLE IF EXISTS `tb_sensor`;
CREATE TABLE `tb_sensor`  (
  `device_id` int(32) NULL DEFAULT NULL,
  `sensor_tag` varchar(255) CHARACTER SET utf8 COLLATE utf8_general_ci NULL DEFAULT NULL,
  `sensor_name` varchar(255) CHARACTER SET utf8 COLLATE utf8_general_ci NULL DEFAULT NULL,
  `sensor_val` float(32, 2) NULL DEFAULT NULL,
  `record_time` datetime(0) NULL DEFAULT NULL,
  INDEX `deviceId`(`device_id`) USING BTREE,
  CONSTRAINT `deviceId` FOREIGN KEY (`device_id`) REFERENCES `tb_device` (`device_id`) ON DELETE CASCADE ON UPDATE CASCADE
) ENGINE = InnoDB CHARACTER SET = utf8 COLLATE = utf8_general_ci ROW_FORMAT = Dynamic;

-- ----------------------------
-- Records of tb_sensor
-- ----------------------------
INSERT INTO `tb_sensor` VALUES (10000001, 'co', '一氧化碳', 20.10, '2022-11-07 20:23:48');
INSERT INTO `tb_sensor` VALUES (10000001, 'co2', '二氧化碳', 22.10, '2022-11-07 20:24:16');
INSERT INTO `tb_sensor` VALUES (10000001, 'co2', '二氧化碳', 19.20, '2022-11-07 20:24:42');
INSERT INTO `tb_sensor` VALUES (10000002, 'so2', '二氧化硫', 2.30, '2022-11-07 20:25:42');
INSERT INTO `tb_sensor` VALUES (10000002, 'co', '一氧化碳', 18.20, '2022-11-07 20:26:15');
INSERT INTO `tb_sensor` VALUES (10000003, 'so2', '二氧化硫', 3.20, '2022-11-07 20:26:38');
INSERT INTO `tb_sensor` VALUES (10000004, 'temp', '温度', 30.20, '2022-11-07 20:27:07');
INSERT INTO `tb_sensor` VALUES (10000004, 'humity', '湿度', 40.00, '2022-11-07 20:28:15');
INSERT INTO `tb_sensor` VALUES (10000005, 'temp', '温度', 31.20, '2022-11-07 20:28:41');
INSERT INTO `tb_sensor` VALUES (10000005, 'humity', '湿度', 45.00, '2022-11-07 20:29:02');
INSERT INTO `tb_sensor` VALUES (10000004, 'humity', '湿度', 30.88, '2023-07-29 15:17:14');
INSERT INTO `tb_sensor` VALUES (10000004, 'humity', '湿度', 31.88, '2023-07-29 17:01:23');
INSERT INTO `tb_sensor` VALUES (10000004, 'humity', '湿度', 31.88, '2023-07-29 17:01:24');
INSERT INTO `tb_sensor` VALUES (10000004, 'humity', '湿度', 31.88, '2023-07-29 17:57:26');
INSERT INTO `tb_sensor` VALUES (10000004, 'humity', '湿度', 32.88, '2023-07-29 17:58:54');
INSERT INTO `tb_sensor` VALUES (10000004, 'humity', '湿度', 32.88, '2023-07-29 17:58:54');
INSERT INTO `tb_sensor` VALUES (10000004, 'humity', '湿度', 32.88, '2023-07-29 19:08:07');
INSERT INTO `tb_sensor` VALUES (10000004, 'humity', '湿度', 32.88, '2023-07-29 19:12:36');
INSERT INTO `tb_sensor` VALUES (10000004, 'humity', '湿度', 32.88, '2023-07-29 19:14:08');
INSERT INTO `tb_sensor` VALUES (10000004, 'humity', '湿度', 32.88, '2023-07-29 20:05:58');
INSERT INTO `tb_sensor` VALUES (10000004, 'humity', '湿度', 38.88, '2023-07-29 20:06:29');
INSERT INTO `tb_sensor` VALUES (10000004, 'humity', '湿度', 38.88, '2023-07-29 20:06:29');
INSERT INTO `tb_sensor` VALUES (10000004, 'temp', '温度', 88.66, '2023-07-29 20:07:00');
INSERT INTO `tb_sensor` VALUES (10000004, 'humity', '湿度', 48.88, '2023-07-29 20:21:34');
INSERT INTO `tb_sensor` VALUES (10000004, 'humity', '湿度', 38.88, '2023-07-29 20:25:16');
INSERT INTO `tb_sensor` VALUES (10000004, 'humity', '湿度', 48.88, '2023-07-31 08:34:19');

-- ----------------------------
-- Table structure for user
-- ----------------------------
DROP TABLE IF EXISTS `user`;
CREATE TABLE `user`  (
  `id` int(11) NOT NULL AUTO_INCREMENT COMMENT 'ID',
  `username` varchar(255) CHARACTER SET utf8mb4 COLLATE utf8mb4_unicode_ci NULL DEFAULT NULL COMMENT ' 用户名',
  `password` varchar(255) CHARACTER SET utf8mb4 COLLATE utf8mb4_unicode_ci NULL DEFAULT NULL COMMENT '密码',
  `nick_name` varchar(255) CHARACTER SET utf8mb4 COLLATE utf8mb4_unicode_ci NULL DEFAULT NULL COMMENT '昵称',
  `age` int(11) NULL DEFAULT NULL COMMENT '年龄',
  `sex` varchar(255) CHARACTER SET utf8mb4 COLLATE utf8mb4_unicode_ci NULL DEFAULT NULL COMMENT '性别',
  `address` varchar(255) CHARACTER SET utf8mb4 COLLATE utf8mb4_unicode_ci NULL DEFAULT NULL COMMENT '地址',
  PRIMARY KEY (`id`) USING BTREE
) ENGINE = InnoDB AUTO_INCREMENT = 24 CHARACTER SET = utf8mb4 COLLATE = utf8mb4_unicode_ci COMMENT = '用户信息表' ROW_FORMAT = Dynamic;

-- ----------------------------
-- Records of user
-- ----------------------------
INSERT INTO `user` VALUES (1, '2', '123456', 'chen01', 5, '1', '6');
INSERT INTO `user` VALUES (2, 'zhangsan', '123456', 'chen001', 15, '2', '上海市闸北区洛川东路');
INSERT INTO `user` VALUES (3, 'chen02', '123456', 'chen002', 23, '1', '这里是上海');
INSERT INTO `user` VALUES (4, 'chen03', '111', 'chen003', 23, '2', '上海市静安区');
INSERT INTO `user` VALUES (5, 'chen04', '2223', 'chen004', 23, '2', '上海市静安区好');
INSERT INTO `user` VALUES (6, 'chen05', '4444', 'chen005', 23, '2', '上海市静安区静安寺');
INSERT INTO `user` VALUES (7, 'chen06', '555', 'chen006', 21, '1', 'dfssdgfhgfhgjg');
INSERT INTO `user` VALUES (8, 'chen08', '123456', 'chen008', 23, '3', 'chen shengbo heheh');
INSERT INTO `user` VALUES (9, '7766', '123456', '66', 32, '1', '4534534252345');
INSERT INTO `user` VALUES (10, 'chen12', '123456', '121', 23, '1', '2332333223');
INSERT INTO `user` VALUES (11, '22', '123456', '111', 1, '1', '1111111');
INSERT INTO `user` VALUES (12, '21', '123456', '22', 22, '1', '222333');
INSERT INTO `user` VALUES (13, '24', '123456', '2323', 23, '1', '222333');
INSERT INTO `user` VALUES (14, '242', '123456', '2', 2, '1', '222222');
INSERT INTO `user` VALUES (15, '123456', '123456', '12', 12, '1', '1212121');
INSERT INTO `user` VALUES (17, '1233', '123456', '2222', 222, '2', '2222');
INSERT INTO `user` VALUES (18, 'new05', '123456', '123', 23, '1', '3242141324');
INSERT INTO `user` VALUES (19, 'new10', '123456', '11', 1, '3', '1');
INSERT INTO `user` VALUES (20, 'new12', '123456', '11', 1, '3', '1');
INSERT INTO `user` VALUES (21, 'new13', '123456', '1', 1, '1', '1111');
INSERT INTO `user` VALUES (22, 'user', '123', 'user', 12, '1', '上海闸北区');
INSERT INTO `user` VALUES (23, 'admin', 'admin', 'admin', 23, '2', '上海市靜安區別');

SET FOREIGN_KEY_CHECKS = 1;
